{
  "hash": "6dbb2f0e",
  "configHash": "3128b116",
  "lockfileHash": "f00c3546",
  "browserHash": "b9fd1d7a",
  "optimized": {
    "@angular/core": {
      "src": "../../../../../node_modules/@angular/core/fesm2022/core.mjs",
      "file": "@angular_core.js",
      "fileHash": "aca4a822",
      "needsInterop": false
    },
    "@angular/platform-browser": {
      "src": "../../../../../node_modules/@angular/platform-browser/fesm2022/platform-browser.mjs",
      "file": "@angular_platform-browser.js",
      "fileHash": "73c66d2c",
      "needsInterop": false
    }
  },
  "chunks": {
    "chunk-J6PYXHPA": {
      "file": "chunk-J6PYXHPA.js"
    }
  }
}