{
  "hash": "b1958a1e",
  "configHash": "3e7d12b1",
  "lockfileHash": "503e7871",
  "browserHash": "52ae8257",
  "optimized": {
    "@angular/common": {
      "src": "../../../../../node_modules/@angular/common/fesm2022/common.mjs",
      "file": "@angular_common.js",
      "fileHash": "e715a36d",
      "needsInterop": false
    },
    "@angular/common/http": {
      "src": "../../../../../node_modules/@angular/common/fesm2022/http.mjs",
      "file": "@angular_common_http.js",
      "fileHash": "187910b4",
      "needsInterop": false
    },
    "@angular/core": {
      "src": "../../../../../node_modules/@angular/core/fesm2022/core.mjs",
      "file": "@angular_core.js",
      "fileHash": "15370f73",
      "needsInterop": false
    },
    "@angular/forms": {
      "src": "../../../../../node_modules/@angular/forms/fesm2022/forms.mjs",
      "file": "@angular_forms.js",
      "fileHash": "be04633f",
      "needsInterop": false
    },
    "@angular/platform-browser": {
      "src": "../../../../../node_modules/@angular/platform-browser/fesm2022/platform-browser.mjs",
      "file": "@angular_platform-browser.js",
      "fileHash": "01ffcd68",
      "needsInterop": false
    },
    "@angular/router": {
      "src": "../../../../../node_modules/@angular/router/fesm2022/router.mjs",
      "file": "@angular_router.js",
      "fileHash": "1ff5ac94",
      "needsInterop": false
    }
  },
  "chunks": {
    "chunk-PADEUZ2H": {
      "file": "chunk-PADEUZ2H.js"
    },
    "chunk-YRA7G55I": {
      "file": "chunk-YRA7G55I.js"
    },
    "chunk-PDERP6EP": {
      "file": "chunk-PDERP6EP.js"
    },
    "chunk-LMD6HBRU": {
      "file": "chunk-LMD6HBRU.js"
    }
  }
}